<?xml version="1.0" encoding="UTF-8"?>
<item><pubDate>Tue, 26 May 2015 20:04:47 +0200</pubDate><title><![CDATA[Strona Pierwsza]]></title><url><![CDATA[index]]></url><meta><![CDATA[getsimple, easy, content management system]]></meta><metad><![CDATA[]]></metad><menu><![CDATA[Home]]></menu><menuOrder><![CDATA[1]]></menuOrder><menuStatus><![CDATA[Y]]></menuStatus><template><![CDATA[template.php]]></template><parent><![CDATA[]]></parent><content><![CDATA[&lt;p&gt;1&lt;/p&gt;
]]></content><private><![CDATA[]]></private><author><![CDATA[bartek125]]></author></item>
