<?xml version="1.0" encoding="UTF-8"?>
<item><pubDate>Tue, 26 May 2015 19:58:47 +0200</pubDate><title><![CDATA[Strona Druga]]></title><url><![CDATA[strona-druga]]></url><meta><![CDATA[]]></meta><metad><![CDATA[]]></metad><menu><![CDATA[]]></menu><menuOrder><![CDATA[0]]></menuOrder><menuStatus><![CDATA[]]></menuStatus><template><![CDATA[template.php]]></template><parent><![CDATA[]]></parent><content><![CDATA[&lt;p&gt;2&lt;/p&gt;
]]></content><private><![CDATA[]]></private><author><![CDATA[bartek125]]></author></item>
