<?xml version="1.0" encoding="UTF-8"?>
<item><pubDate>Tue, 26 May 2015 20:04:25 +0200</pubDate><title><![CDATA[Strona Pierwsza]]></title><url><![CDATA[index]]></url><meta><![CDATA[getsimple, easy, content management system]]></meta><metad><![CDATA[]]></metad><menu><![CDATA[Home]]></menu><menuOrder><![CDATA[1]]></menuOrder><menuStatus><![CDATA[Y]]></menuStatus><template><![CDATA[template.php]]></template><parent><![CDATA[]]></parent><content><![CDATA[&lt;p&gt;&amp;lt;img src=&quot;http://localhost/data/uploads/wrzucone/ed7c9bb9340f9d8748b83b6f47d52a7c.jpg&quot; class=&quot;gs_image&quot; height=&quot;453&quot; width=&quot;610&quot; alt=&quot;&quot;&amp;gt;&lt;/p&gt;
]]></content><private><![CDATA[]]></private><author><![CDATA[bartek125]]></author></item>
