<?xml version="1.0"?>
<channel><item><pubDate><![CDATA[Tue, 26 May 2015 20:04:47 +0200]]></pubDate><title><![CDATA[Strona Pierwsza]]></title><url><![CDATA[index]]></url><meta><![CDATA[getsimple, easy, content management system]]></meta><metad><![CDATA[]]></metad><menu><![CDATA[Home]]></menu><menuOrder><![CDATA[1]]></menuOrder><menuStatus><![CDATA[Y]]></menuStatus><template><![CDATA[template.php]]></template><parent><![CDATA[]]></parent><private><![CDATA[]]></private><author><![CDATA[bartek125]]></author><slug><![CDATA[index]]></slug><filename><![CDATA[index.xml]]></filename></item><item><pubDate><![CDATA[Tue, 26 May 2015 19:58:47 +0200]]></pubDate><title><![CDATA[Strona Druga]]></title><url><![CDATA[strona-druga]]></url><meta><![CDATA[]]></meta><metad><![CDATA[]]></metad><menu><![CDATA[]]></menu><menuOrder><![CDATA[0]]></menuOrder><menuStatus><![CDATA[]]></menuStatus><template><![CDATA[template.php]]></template><parent><![CDATA[]]></parent><private><![CDATA[]]></private><author><![CDATA[bartek125]]></author><slug><![CDATA[strona-druga]]></slug><filename><![CDATA[strona-druga.xml]]></filename></item></channel>
